question_id,question,mode,answer,rewritten_query,relevance_reasoning,route_decision,route_reasoning,retrieval_round,num_retrieved_docs,num_relevant_docs
1,What are recent major themes in technology and AI news?,base_llm,"Recent major themes in technology and AI news include:

1. **Generative AI Advancements**: The rise of generative AI models, such as ChatGPT and DALL-E, has led to discussions about their applications in creative fields, content generation, and potential ethical concerns.

2. **AI Regulation and Governance**: Governments and organizations are increasingly focusing on establishing regulations for AI technologies to address issues like bias, privacy, and accountability.

3. **AI in Healthcare**: The integration of AI in healthcare for diagnostics, personalized medicine, and drug discovery is gaining traction, raising both excitement and ethical considerations.

4. **Sustainability and AI**: The role of AI in promoting sustainability, optimizing energy use, and addressing climate change is becoming a significant topic of discussion.

5. **AI and Employment**: The impact of AI on the job market, including automation of tasks and the creation of new job categories, is a key concern for workers and policymakers.

6. **Cybersecurity and AI**: The use of AI in enhancing cybersecurity measures, as well as the potential for AI to be used in cyberattacks, is a growing area of focus.

7. **AI in Education**: The application of AI in personalized learning and educational tools is being explored, along with concerns about data privacy and equity.

8. **Ethical AI Development**: There is an ongoing dialogue about the ethical implications of AI, including fairness, transparency, and the need for diverse datasets.

These themes reflect the evolving landscape of technology and AI, highlighting both opportunities and challenges.",,,,,,0,0
1,What are recent major themes in technology and AI news?,basic_rag,"Recent major themes in technology and AI news include the rise of smarter robots, as seen in military projects aimed at enhancing robotic mobility, and the competitive landscape among major tech companies, which are preparing for intense competition by expanding their digital service offerings. Additionally, there is a focus on the need for tech companies to have a clear vision beyond just products, emphasizing the importance of providing comprehensive solutions.",,,,,,6,0
1,What are recent major themes in technology and AI news?,advanced_base,"Recent major themes in technology and AI news include advancements in robotics, as seen in military projects aimed at creating smarter robots, and the competitive landscape among major tech companies, which are preparing for intense competition to provide comprehensive digital services. Additionally, there is a prevailing caution in the tech industry due to external factors like rising oil prices and security concerns, as discussed at a recent tech conference in Cannes.",recent major themes in technology and AI news,"These documents discuss recent developments and themes in technology and AI, including advancements in robotics, competition among major tech companies, and the impact of global events on the tech industry.",answer,"The retrieved documents provide relevant insights into recent major themes in technology and AI, including advancements in robotics, competition among tech giants, and the impact of global events on the tech industry. This information is sufficient to answer the question.",1,8,3
1,What are recent major themes in technology and AI news?,advanced_lora,[Low confidence] Uncertain due to lack of context or documents.,recent major themes in technology and AI news,LoRA relevance judge found no sufficiently relevant documents.,retrieve_more,"There are no relevant documents available from the previous retrieval rounds, indicating a need to search for more recent information on major themes in technology and AI news.",2,12,0
2,Summarize key business and market developments.,base_llm,"To provide a summary of key business and market developments, I would need a specific timeframe or context, as developments can vary widely across industries and regions. However, here are some general trends observed up to October 2023:

1. **Digital Transformation**: Many companies accelerated their digital transformation efforts, adopting cloud technologies, AI, and automation to enhance efficiency and customer experience.

2. **Sustainability Initiatives**: Businesses increasingly focused on sustainability, with many committing to net-zero emissions and adopting eco-friendly practices in response to consumer demand and regulatory pressures.

3. **Supply Chain Resilience**: Companies worked to strengthen supply chains, diversifying suppliers and increasing inventory levels to mitigate disruptions experienced during the pandemic.

4. **Remote Work and Hybrid Models**: The shift to remote work became more permanent for many organizations, leading to the adoption of hybrid work models and changes in office space utilization.

5. **Inflation and Economic Uncertainty**: Rising inflation rates and economic uncertainty influenced consumer spending and business investment decisions, prompting companies to adjust pricing strategies.

6. **Mergers and Acquisitions**: There was a notable increase in M&A activity as companies sought growth opportunities and market consolidation in various sectors.

7. **Tech Sector Growth**: The technology sector continued to thrive, particularly in areas like cybersecurity, e-commerce, and fintech, driven by ongoing digital adoption.

8. **Healthcare Innovations**: The healthcare industry saw advancements in telehealth, personalized medicine, and biotechnology, spurred by the pandemic and ongoing health challenges.

For more specific developments, please provide additional context or a particular industry of interest.",,,,,,0,0
2,Summarize key business and market developments.,basic_rag,"Key business and market developments include a decline in the FTSE 100 Index, which is approaching the 4700 barrier, indicating investor uncertainty despite various corporate updates. A report forecasts stronger growth for developing Asian economies, although a potential slowdown in China poses risks to neighboring countries. In Canada, major banks are set to report third-quarter earnings, with expectations to match previous strong performances. European stock markets have reached near 2-1/2 year highs, supported by stable oil prices, while concerns about soaring crude prices and economic outlook continue to affect stock market sentiment.",,,,,,6,0
2,Summarize key business and market developments.,advanced_base,"Recent business and market developments include a decline in the FTSE 100 Index, which is approaching the 4700 mark, indicating investor caution despite corporate updates. Retailers have reported improved sales in October, suggesting a brighter outlook for the holiday season. However, concerns over soaring crude oil prices and economic outlook are expected to negatively impact stock market performance. In contrast, European stock markets have reached near 2-1/2 year highs, aided by stable oil prices. Additionally, a report forecasts stronger growth for developing Asian economies, although potential slowdowns in China could pose risks to regional growth.",Summarize recent key business and market developments.,"These documents provide insights into recent business and market developments, including stock market performance, retail sales outlook, and economic forecasts for developing Asian economies, which are all relevant to understanding the current business landscape.",answer,"The relevant documents provide sufficient information to summarize key business and market developments, including stock market performance, retail sales outlook, and economic forecasts for developing Asian economies.",1,8,5
2,Summarize key business and market developments.,advanced_lora,[Low confidence] There are no documents available to summarize key business and market developments.,Key business and market developments summary.,LoRA relevance judge found no sufficiently relevant documents.,retrieve_more,"Since there are no relevant documents available from the previous retrieval rounds, I will attempt to retrieve more information to summarize key business and market developments.",2,12,0
3,What kinds of sports stories appear in the archive?,base_llm,"Sports stories in archives typically include a variety of topics, such as:

1. **Game Recaps**: Summaries of recent games, including scores, key plays, and standout performances.
2. **Player Profiles**: In-depth articles about athletes, their backgrounds, achievements, and personal stories.
3. **Team Histories**: Overviews of sports teams, including their origins, milestones, and significant seasons.
4. **Injury Reports**: Updates on player injuries, recovery timelines, and impacts on teams.
5. **Trade and Transfer News**: Information about player trades, signings, and contract negotiations.
6. **Season Previews and Predictions**: Analyses of upcoming seasons, including team strengths, weaknesses, and expert predictions.
7. **Coaching Changes**: News about coaching hires, firings, and the implications for teams.
8. **Records and Milestones**: Celebrations of record-breaking performances and significant achievements in sports history.
9. **Fan Stories**: Features on dedicated fans, their experiences, and their impact on teams.
10. **Social Issues in Sports**: Discussions on topics like diversity, equality, and athlete activism.

These stories can vary widely in tone and focus, from serious analyses to light-hearted features.",,,,,,0,0
3,What kinds of sports stories appear in the archive?,basic_rag,"The archive contains various sports stories, including articles about notable events such as the Athens Games, autobiographies of athletes like Paula Radcliffe, the integration of Paralympic sports with the Olympic movement, historical accounts of boxing and wrestling, and incidents that occurred during marathons.",,,,,,6,0
3,What kinds of sports stories appear in the archive?,advanced_base,"The archive contains a variety of sports stories, including autobiographies of athletes (e.g., Paula Radcliffe), developments in Paralympic sports, incidents at marathons, historical accounts of ancient sports like boxing and pankration, tennis match highlights, and inspirational stories from Olympic athletes (e.g., Paul Hamm).",Types of sports stories in the archive,"These documents are categorized under 'Sports' and contain articles that discuss various aspects of sports stories, including athlete autobiographies, events like marathons and the Olympics, and the integration of Paralympic sports. They provide a range of sports narratives and themes relevant to the types of sports stories in the archive.",answer,"The relevant documents provide a clear overview of the types of sports stories in the archive, including athlete autobiographies, events like marathons and the Olympics, and the integration of Paralympic sports. Therefore, I can answer the question based on the retrieved information.",1,8,6
3,What kinds of sports stories appear in the archive?,advanced_lora,"[Low confidence] Uncertain, as there are no documents available to provide specific information about the types of sports stories in the archive.",Types of sports stories in the archive,LoRA relevance judge found no sufficiently relevant documents.,retrieve_more,"Since there are no relevant documents available in the current archive, I will attempt to retrieve more information to find sports stories.",2,12,0
4,Summarize the tone of world affairs reporting.,base_llm,"The tone of world affairs reporting is often characterized by a mix of urgency, seriousness, and analytical depth. It tends to reflect the gravity of global issues such as conflict, diplomacy, and humanitarian crises, while also striving for objectivity and factual accuracy. Journalists may adopt a critical perspective, highlighting injustices and power dynamics, but also aim to provide context and diverse viewpoints. Overall, the tone can vary from alarmist in times of crisis to more measured and reflective during periods of stability or progress.",,,,,,0,0
4,Summarize the tone of world affairs reporting.,basic_rag,"The tone of world affairs reporting is characterized by a mix of praise, disappointment, and pragmatic resignation, reflecting the complexities and varied reactions to global events. It often highlights caution in response to allegations and emphasizes the impact of international actions on security and stability, particularly in regions affected by conflict and terrorism.",,,,,,6,0
4,Summarize the tone of world affairs reporting.,advanced_base,"The tone of world affairs reporting is characterized by a mix of praise, disappointment, and pragmatic resignation, as seen in the reactions to political events. It also reflects a sense of caution and responsibility, particularly in sensitive situations like terrorist attacks, where media coverage is urged to be responsible. Overall, the reporting conveys a serious and sometimes somber tone, acknowledging the complexities and challenges of global events.",Summarize the tone of global news reporting.,"These documents provide insights into the tone of global news reporting by discussing international reactions to political events, the impact of crises on reporting, and the responsibilities of the media in covering sensitive topics like terrorism. They reflect a mix of caution, pragmatism, and the challenges faced by reporters in the field.",answer,"The relevant documents provide a clear overview of the tone in world affairs reporting, highlighting a mix of caution, pragmatism, and the challenges faced by journalists. This allows for a concise summary without needing further retrieval.",1,8,4
4,Summarize the tone of world affairs reporting.,advanced_lora,"[Low confidence] The tone of world affairs reporting can vary widely, often reflecting a mix of urgency, seriousness, and sometimes skepticism. It tends to focus on critical global issues, highlighting conflicts, political developments, and humanitarian crises, while also aiming to inform and engage the audience with a sense of responsibility towards understanding international dynamics.",Summarize the tone of global news reporting.,LoRA relevance judge found no sufficiently relevant documents.,retrieve_more,"Since there are no relevant documents available, I need to retrieve more information to provide an accurate summary of the tone of world affairs reporting.",2,12,0
5,What science and innovation topics are discussed?,base_llm,"Science and innovation encompass a wide range of topics, including but not limited to:

1. **Artificial Intelligence and Machine Learning**: Developments in algorithms, applications in various fields, ethical considerations, and impacts on society.

2. **Biotechnology**: Advances in genetic engineering, CRISPR technology, synthetic biology, and their implications for medicine and agriculture.

3. **Renewable Energy**: Innovations in solar, wind, and other renewable sources, energy storage solutions, and sustainability practices.

4. **Space Exploration**: Missions to Mars, the Moon, and beyond, advancements in satellite technology, and the search for extraterrestrial life.

5. **Climate Change**: Research on climate science, mitigation strategies, and adaptation technologies.

6. **Nanotechnology**: Applications in medicine, materials science, and electronics, as well as potential risks and ethical issues.

7. **Quantum Computing**: Developments in quantum algorithms, hardware, and potential applications in various industries.

8. **Health and Medicine**: Innovations in telemedicine, personalized medicine, vaccine development, and public health strategies.

9. **Robotics**: Advances in automation, human-robot interaction, and applications in various sectors like manufacturing and healthcare.

10. **Materials Science**: Development of new materials, such as graphene and smart materials, and their applications.

11. **Agricultural Technology**: Innovations in precision farming, vertical farming, and sustainable practices to enhance food security.

12. **Cybersecurity**: Emerging threats, protective technologies, and the importance of data privacy.

These topics are constantly evolving as new research and technologies emerge, shaping the future of society and the environment.",,,,,,0,0
5,What science and innovation topics are discussed?,basic_rag,"The discussed science and innovation topics include technology breakthroughs in medicine, computer science, transportation, nanotechnology, public health care improvements, gender differences in biology, innovative uses of materials in space, and the validity of human spaceflight.",,,,,,6,0
5,What science and innovation topics are discussed?,advanced_base,"The discussed science and innovation topics include technology breakthroughs in medicine, computer science, transportation, nanotechnology, public health care improvements, and innovative uses of materials like plastics and rubber in space applications.",Topics in science and innovation discussed,"These documents discuss various topics in science and innovation, including contests for technological breakthroughs, the impact of nanotechnology, the application of technology in public health, funding for nanotech research, and innovative uses of materials in space technology. They provide insights into current trends and advancements in the field.",answer,"The relevant documents provide a clear overview of various science and innovation topics, including contests for technological breakthroughs, the impact of nanotechnology, applications in public health, funding for nanotech research, and innovative uses of materials in space technology. Therefore, I can answer the question based on the retrieved information.",1,8,5
5,What science and innovation topics are discussed?,advanced_lora,[Low confidence] There are no documents available to provide specific topics on science and innovation.,Topics in science and innovation discussed,LoRA relevance judge found no sufficiently relevant documents.,retrieve_more,"Since there are no relevant documents available from the previous retrieval rounds, it is necessary to conduct another retrieval to find information on science and innovation topics.",2,12,0
6,What company strategy trends appear across business and tech?,base_llm,"Several key strategy trends are emerging across business and technology sectors:

1. **Digital Transformation**: Companies are increasingly adopting digital technologies to enhance operations, improve customer experiences, and drive innovation. This includes the integration of AI, cloud computing, and IoT.

2. **Sustainability and ESG Focus**: There is a growing emphasis on environmental, social, and governance (ESG) criteria. Businesses are adopting sustainable practices and reporting on their impact to meet consumer demand and regulatory requirements.

3. **Data-Driven Decision Making**: Organizations are leveraging big data and analytics to inform strategic decisions, optimize processes, and personalize customer experiences.

4. **Agile Methodologies**: Companies are adopting agile frameworks to enhance flexibility and responsiveness to market changes, allowing for quicker iterations and improvements in products and services.

5. **Remote and Hybrid Work Models**: The shift to remote and hybrid work has prompted businesses to rethink their workforce strategies, focusing on employee well-being, collaboration tools, and productivity metrics.

6. **Customer-Centric Approaches**: There is a strong focus on understanding and enhancing the customer journey, utilizing customer feedback and data to tailor products and services.

7. **Partnerships and Ecosystems**: Businesses are increasingly forming strategic partnerships and engaging in ecosystem collaborations to leverage complementary strengths and expand market reach.

8. **Cybersecurity Investments**: As digital threats grow, companies are prioritizing cybersecurity strategies to protect data and maintain customer trust.

9. **Innovation and R&D Focus**: Continuous innovation is critical, with companies investing in research and development to stay competitive and meet evolving consumer needs.

10. **Diversity and Inclusion**: Organizations are recognizing the importance of diverse teams and inclusive cultures as drivers of innovation and better business outcomes.

These trends reflect a broader shift towards adaptability, sustainability, and customer focus in the evolving business and technology landscape.",,,,,,0,0
6,What company strategy trends appear across business and tech?,basic_rag,"The company strategy trends that appear across business and tech include the need for businesses to adapt to the shifting tech landscape by leveraging technology to cut costs and boost efficiency. Additionally, tech companies are increasingly required to have a clear vision beyond just products, focusing on providing comprehensive solutions. There is also a trend towards forming partnerships to enhance product integration and customer loyalty, as seen with companies like Cisco, Dell, and Microsoft.",,,,,,6,0
6,What company strategy trends appear across business and tech?,advanced_base,"Trends in company strategy across business and tech include a focus on leveraging technology to enhance efficiency and reduce costs, the necessity for companies to have a clear vision beyond just products (such as providing solutions), and the importance of forming strategic partnerships to facilitate technology integration.",trends in company strategies in business and technology,"These documents discuss trends in company strategies related to technology and business, including the importance of having a vision in tech companies, partnerships for technology integration, and the impact of technology on business efficiency and solutions.",answer,"The retrieved documents provide sufficient insights into current trends in company strategies across business and technology, highlighting the importance of vision, partnerships, and technology integration.",2,12,5
6,What company strategy trends appear across business and tech?,advanced_lora,"[Low confidence] Without specific documents or context, I cannot provide a grounded answer regarding company strategy trends across business and tech. Trends can vary widely based on industry, market conditions, and technological advancements, and without evidence, any assertion would be uncertain.",current company strategy trends in business and technology,LoRA relevance judge found no sufficiently relevant documents.,retrieve_more,"There are no relevant documents available to answer the question, so I will attempt to retrieve more information to provide a comprehensive response.",2,12,0
7,What geopolitical risks are highlighted in world news?,base_llm,"As of October 2023, several geopolitical risks are prominent in world news:

1. **Russia-Ukraine Conflict**: Ongoing tensions and military actions continue to impact global security, energy supplies, and food security, with potential escalations involving NATO.

2. **China-Taiwan Relations**: Increased military activity around Taiwan raises concerns about a potential conflict, affecting regional stability and international trade.

3. **Middle East Tensions**: Issues such as the Israel-Palestine conflict, Iran's nuclear ambitions, and instability in countries like Syria and Lebanon pose risks of wider regional conflicts.

4. **U.S.-China Rivalry**: Economic and military competition between the U.S. and China affects global supply chains, technology, and international alliances.

5. **North Korea's Nuclear Program**: Continued missile tests and nuclear developments by North Korea create security concerns for neighboring countries and the U.S.

6. **Climate Change and Resource Scarcity**: Environmental issues are leading to conflicts over water, food, and energy resources, particularly in vulnerable regions.

7. **Cybersecurity Threats**: Increasing cyberattacks from state and non-state actors pose risks to national security, infrastructure, and economic stability.

8. **Populism and Political Instability**: Rising populism in various countries can lead to political instability, affecting international relations and cooperation.

These risks are interconnected and can have far-reaching implications for global peace and security.",,,,,,0,0
7,What geopolitical risks are highlighted in world news?,basic_rag,"Geopolitical risks highlighted in world news include global political uncertainties affecting oil prices, ongoing conflicts in Palestine and Sudan, and potential terrorist attacks in Uzbekistan.",,,,,,6,0
7,What geopolitical risks are highlighted in world news?,advanced_base,"The geopolitical risks highlighted in world news include global political uncertainties affecting oil prices, Russia's development of new nuclear missile systems in response to security threats, and potential terrorist attacks in Uzbekistan.",current geopolitical risks in world news,"These documents discuss various geopolitical risks, including political uncertainties affecting oil prices, military developments in Russia, and potential terrorist attacks in Uzbekistan, all of which are current issues in world news that highlight geopolitical risks.",answer,"The retrieved documents provide relevant information on current geopolitical risks, including political uncertainties affecting oil prices, military developments in Russia, and potential terrorist threats in Uzbekistan. This allows for a comprehensive answer to the question.",1,8,5
7,What geopolitical risks are highlighted in world news?,advanced_lora,[Low confidence] There are no documents available to provide specific geopolitical risks highlighted in world news.,current geopolitical risks in world news,LoRA relevance judge found no sufficiently relevant documents.,retrieve_more,There are no relevant documents available to answer the question about geopolitical risks highlighted in world news. Retrieving more information may provide the necessary context or data.,2,12,0
8,What athlete performance narratives are most common?,base_llm,"Common athlete performance narratives often include:

1. **Overcoming Adversity**: Stories of athletes who have faced significant challenges, such as injuries, personal struggles, or socioeconomic barriers, and have triumphed against the odds.

2. **Redemption**: Athletes who have experienced failure or controversy and have made a comeback, often showcasing resilience and determination.

3. **Rivalry**: Narratives centered around intense competition between athletes, highlighting the drama and stakes involved in their contests.

4. **Breaking Records**: Athletes who achieve remarkable feats, such as setting new records, often become the focus of narratives celebrating their exceptional talent and hard work.

5. **Teamwork and Unity**: Stories that emphasize the importance of collaboration and camaraderie within teams, showcasing how collective effort leads to success.

6. **Legacy and Impact**: Athletes who leave a lasting impact on their sport or community, often through their achievements, activism, or mentorship.

7. **The Underdog**: Narratives that focus on lesser-known athletes or teams who defy expectations and achieve success against more favored competitors.

8. **The Journey**: Chronicling the path of an athlete from humble beginnings to elite status, emphasizing growth, dedication, and the pursuit of dreams.

These narratives resonate with audiences and often serve to inspire and motivate others.",,,,,,0,0
8,What athlete performance narratives are most common?,basic_rag,"Common athlete performance narratives include themes of resilience and redemption, as exemplified by Paul Hamm's journey from failure to success, and the emotional moments that resonate with audiences, such as Mia Hamm's tear or Jennie Finch's smile. Additionally, narratives often highlight dramatic victories and the impact of scoring controversies in competitions, reflecting the high stakes and emotional investment in sports.",,,,,,6,0
8,What athlete performance narratives are most common?,advanced_base,"Common athlete performance narratives include overcoming adversity, as seen in Paul Hamm's story of rising from failure to success, and the importance of support in achieving victory, exemplified by Paula Radcliffe's tribute to her supporters after her Olympic struggles.",common athlete performance narratives,"Docs 0 and 4 discuss narratives of overcoming adversity and personal triumph in sports, which are common themes in athlete performance narratives. Doc 0 highlights Paul Hamm's journey from failure to success, while Doc 4 focuses on Paula Radcliffe's comeback after a disappointing Olympic experience, both exemplifying the resilience and determination often celebrated in sports narratives.",answer,"The retrieved documents provide clear examples of common athlete performance narratives, specifically focusing on themes of overcoming adversity and personal triumph. These narratives are well-documented in the examples of Paul Hamm and Paula Radcliffe, making it appropriate to answer the question based on this information.",1,8,2
8,What athlete performance narratives are most common?,advanced_lora,"[Low confidence] There are no documents available to provide specific athlete performance narratives. Common narratives in sports often include themes of perseverance, overcoming adversity, achieving personal bests, and the impact of teamwork, but without specific context, this remains uncertain.",common athlete performance narratives,LoRA relevance judge found no sufficiently relevant documents.,retrieve_more,"Since there are no relevant documents available, I need to retrieve more information to provide a comprehensive answer about common athlete performance narratives.",2,12,0
